{
  "pins_results": {
    "Omega": 6.459725598436987e-39,
    "Z_G": 0.9143034525882916,
    "Z_G_inverse": 1.093728780274329,
    "alpha2_MZ": 0.03378982034660418,
    "alpha_G_pp": 5.906149417423905e-39,
    "alpha_em_MZ": 0.007815247547966081,
    "alpha_s_MZ": 0.118,
    "alpha_s_star_MZ": 0.11734109990541612
  },
  "snf": {
    "DeltaW_EM": [
      [
        8,
        8,
        224
      ],
      [
        0,
        1,
        18
      ]
    ],
    "chi_EM": [
      -10,
      -18,
      1
    ],
    "chi_gauge": [
      16,
      13,
      2
    ],
    "snf_diag": [
      1,
      8
    ]
  }
}